"Time","Radon","","","Thoron","","","Temperature","RH","Location","Material","Density","Alpha","Beta","Coordinate X","Coordinate Y",""
"1","","","","","","","","","SLO","BTA","0.9398","14.1132902","214.2357141","110.8167","7.566",""
"2.00","7.91","±","38.2","0.00","±","63.3","29.8","53","SLO","BTA","0.9398","14.1132902","214.2357141","110.8167","7.566",""
"3","","","","","","","","","SLO","BTA","0.9398","14.1132902","214.2357141","110.8167","7.566",""
"4.00","7.91","±","38.2","0","±","63.3","30.4","52","SLO","BTA","0.9398","14.1132902","214.2357141","110.8167","7.566",""
"5","","","","","","","","","SLO","BTA","0.9398","14.1132902","214.2357141","110.8167","7.566",""
"6.00","","","","","","","","","SLO","BTA","0.9398","14.1132902","214.2357141","110.8167","7.566",""
"7","7.91","±","38.2","0.00","±","63.3","30.7","51","SLO","BTA","0.9398","14.1132902","214.2357141","110.8167","7.566",""
"8.00","7.91","±","38.2","0.00","±","63.3","31","53","SLO","BTA","0.9398","14.1132902","214.2357141","110.8167","7.566",""
"9","7.91","±","38.2","0.00","±","63.3","31.0","52","SLO","BTA","0.9398","14.1132902","214.2357141","110.8167","7.566",""
"10","","","","","","","","","SLO","BTA","0.9398","14.1132902","214.2357141","110.8167","7.566",""
"1.00","7.89","±","38.1","0.00","±","63.2","28","54","KRA","BTA","0.8548","28.540209077417","174.51630198157","110.95","7.6167",""
"2","31.7","±","51.2","0","±","63.3","28.6","53","KRA","BTA","0.8548","28.540209077417","174.51630198157","110.95","7.6167",""
"3.00","31.7","±","51.2","15.80","±","76.4","28.6","51","KRA","BTA","0.8548","28.540209077417","174.51630198157","110.95","7.6167",""
"4","31.7","±","51.2","0.00","±","63.3","28.6","53","KRA","BTA","0.8548","28.540209077417","174.51630198157","110.95","7.6167",""
"5.00","39.6","±","54.6","0.00","±","63.3","29.2","55","KRA","BTA","0.8548","28.540209077417","174.51630198157","110.95","7.6167",""
"6","15.8","±","43.3","0.00","±","63.3","29.5","54","KRA","BTA","0.8548","28.540209077417","174.51630198157","110.95","7.6167",""
"7.00","0","±","31.7","0.00","±","63.3","29.8","49","KRA","BTA","0.8548","28.540209077417","174.51630198157","110.95","7.6167",""
"8","23.7","±","47.5","15.80","±","76.4","29.5","50","KRA","BTA","0.8548","28.540209077417","174.51630198157","110.95","7.6167",""
"9.00","23.7","±","47.5","0.00","±","63.3","29.2","49","KRA","BTA","0.8548","28.540209077417","174.51630198157","110.95","7.6167",""
"10","39.7","±","54.8","0.00","±","63.5","28.9","49","KRA","BTA","0.8548","28.540209077417","174.51630198157","110.95","7.6167",""
"1.00","55.3","±","60.4","0.00","±","63.2","28","53","SKH","BTA","0.923","8.4679741218711","200.53459284004","110.833","7.6833",""
"2","47.5","±","57.7","0","±","63.3","28.3","51","SKH","BTA","0.923","8.4679741218711","200.53459284004","110.833","7.6833",""
"3.00","103","±","75.1","0.00","±","63.3","28.3","49","SKH","BTA","0.923","8.4679741218711","200.53459284004","110.833","7.6833",""
"4","95","±","72.9","0.00","±","63.3","28.9","49","SKH","BTA","0.923","8.4679741218711","200.53459284004","110.833","7.6833",""
"5.00","119","±","79.3","15.90","±","76.5","29.2","47","SKH","BTA","0.923","8.4679741218711","200.53459284004","110.833","7.6833",""
"6","87.2","±","73","15.90","±","76.5","28.9","49","SKH","BTA","0.923","8.4679741218711","200.53459284004","110.833","7.6833",""
"7.00","87.1","±","70.7","0.00","±","63.3","28.6","48","SKH","BTA","0.923","8.4679741218711","200.53459284004","110.833","7.6833",""
"8","95.1","±","73","0.00","±","63.4","28.9","53","SKH","BTA","0.923","8.4679741218711","200.53459284004","110.833","7.6833",""
"9.00","55.5","±","60.7","0.00","±","63.4","28.9","55","SKH","BTA","0.923","8.4679741218711","200.53459284004","110.833","7.6833",""
"10","31.8","±","51.4","0.00","±","63.6","28.9","54","SKH","BTA","0.923","8.4679741218711","200.53459284004","110.833","7.6833",""
"1","","","","","","","","","MGT","BTA","1.012","9.7852145408288","142.49166099938","111.3362","7.649",""
"2.00","15.8","±","43.3","0.00","±","63.3","29.5","52","MGT","BTA","1.012","9.7852145408288","142.49166099938","111.3362","7.649",""
"3","","","","","","","","","MGT","BTA","1.012","9.7852145408288","142.49166099938","111.3362","7.649",""
"4.00","","","","","","","","","MGT","BTA","1.012","9.7852145408288","142.49166099938","111.3362","7.649",""
"5","","","","","","","","","MGT","BTA","1.012","9.7852145408288","142.49166099938","111.3362","7.649",""
"6.00","15.8","±","43.3","0","±","63.3","29.8","48","MGT","BTA","1.012","9.7852145408288","142.49166099938","111.3362","7.649",""
"7","7.91","±","38.2","0.00","±","63.3","29.8","46","MGT","BTA","1.012","9.7852145408288","142.49166099938","111.3362","7.649",""
"8.00","","","","","","","","","MGT","BTA","1.012","9.7852145408288","142.49166099938","111.3362","7.649",""
"9","7.91","±","38.2","0.00","±","63.3","29.8","50","MGT","BTA","1.012","9.7852145408288","142.49166099938","111.3362","7.649",""
"10.00","0","±","31.7","15.90","±","76.6","29.8","49","MGT","BTA","1.012","9.7852145408288","142.49166099938","111.3362","7.649",""
"1.00","7.89","±","38.1","0.00","±","63.2","29.5","53","MDN","BTA","0.999","6.4755096226073","57.149061898149","111.5233","7.6299",""
"2","7.91","±","38.2","0","±","63.3","29.8","56","MDN","BTA","0.999","6.4755096226073","57.149061898149","111.5233","7.6299",""
"3.00","23.7","±","47.5","0.00","±","63.3","29.8","54","MDN","BTA","0.999","6.4755096226073","57.149061898149","111.5233","7.6299",""
"4","15.8","±","43.3","0.00","±","63.3","29.8","53","MDN","BTA","0.999","6.4755096226073","57.149061898149","111.5233","7.6299",""
"5.00","7.91","±","38.2","15.80","±","76.4","29.8","53","MDN","BTA","0.999","6.4755096226073","57.149061898149","111.5233","7.6299",""
"6","7.91","±","38.2","0.00","±","63.3","29.8","53","MDN","BTA","0.999","6.4755096226073","57.149061898149","111.5233","7.6299",""
"7.00","15.8","±","43.3","0.00","±","63.3","29.8","53","MDN","BTA","0.999","6.4755096226073","57.149061898149","111.5233","7.6299",""
"8","7.91","±","38.2","0.00","±","63.3","29.5","54","MDN","BTA","0.999","6.4755096226073","57.149061898149","111.5233","7.6299",""
"9.00","23.8","±","47.6","15.90","±","76.6","29.2","58","MDN","BTA","0.999","6.4755096226073","57.149061898149","111.5233","7.6299",""
"","","","","","","","","","MDN","BTA","0.999","6.4755096226073","57.149061898149","111.5233","7.6299",""
"1","55.3","±","60.4","0.00","±","63.2","30.1","62","BYL","BTA","0.88","9.173638632027","191.27076654037","110.596","7.5293",""
"2.00","","","","","","","","","BYL","BTA","0.88","9.173638632027","191.27076654037","110.596","7.5293",""
"3","31.7","±","51.2","0","±","63.3","30.1","63","BYL","BTA","0.88","9.173638632027","191.27076654037","110.596","7.5293",""
"4.00","7.91","±","38.2","15.80","±","76.4","30.1","59","BYL","BTA","0.88","9.173638632027","191.27076654037","110.596","7.5293",""
"5","31.7","±","51.2","0.00","±","63.3","30.1","61","BYL","BTA","0.88","9.173638632027","191.27076654037","110.596","7.5293",""
"6.00","31.7","±","51.2","0.00","±","63.3","30.1","62","BYL","BTA","0.88","9.173638632027","191.27076654037","110.596","7.5293",""
"7","31.7","±","51.2","0.00","±","63.3","30.4","60","BYL","BTA","0.88","9.173638632027","191.27076654037","110.596","7.5293",""
"8.00","31.7","±","51.2","0.00","±","63.3","30.4","59","BYL","BTA","0.88","9.173638632027","191.27076654037","110.596","7.5293",""
"9","7.91","±","38.2","15.80","±","76.4","30.7","61","BYL","BTA","0.88","9.173638632027","191.27076654037","110.596","7.5293",""
"10.00","31.7","±","51.4","0.00","±","63.5","30.7","59","BYL","BTA","0.88","9.173638632027","191.27076654037","110.596","7.5293",""
"1.00","15.8","±","43.1","0.00","±","63.2","29.2","50","KLT","BTA","0.954","9.7852145408288","145.73010784028","110.606","7.705",""
"2","23.7","±","47.5","0","±","63.3","29.5","49","KLT","BTA","0.954","9.7852145408288","145.73010784028","110.606","7.705",""
"3.00","15.8","±","43.3","0.00","±","63.3","29.5","48","KLT","BTA","0.954","9.7852145408288","145.73010784028","110.606","7.705",""
"4","15.8","±","43.3","0.00","±","63.3","29.2","47","KLT","BTA","0.954","9.7852145408288","145.73010784028","110.606","7.705",""
"5.00","31.7","±","51.2","0.00","±","63.3","29.2","49","KLT","BTA","0.954","9.7852145408288","145.73010784028","110.606","7.705",""
"6","15.8","±","47.5","0.00","±","63.3","29.2","52","KLT","BTA","0.954","9.7852145408288","145.73010784028","110.606","7.705",""
"7.00","7.91","±","38.2","0.00","±","63.3","29.5","52","KLT","BTA","0.954","9.7852145408288","145.73010784028","110.606","7.705",""
"8","55.4","±","60.6","0.00","±","63.3","29.5","50","KLT","BTA","0.954","9.7852145408288","145.73010784028","110.606","7.705",""
"9.00","7.91","±","38.2","0.00","±","63.3","29.2","48","KLT","BTA","0.954","9.7852145408288","145.73010784028","110.606","7.705",""
"","7.93","±","38.3","0.00","±","63.4","29.2","53","KLT","BTA","0.954","9.7852145408288","145.73010784028","110.606","7.705",""
"1.00","7.89","±","38.1","0.00","±","63.2","29.8","51","SLO","HBL","0.8286","22.01673272","212.1182681","110.8167","7.566",""
"2","7.91","±","38.2","15.8","±","63.3","29.8","50","SLO","HBL","0.8286","22.01673272","212.1182681","110.8167","7.566",""
"3.00","","","","","","","","","SLO","HBL","0.8286","22.01673272","212.1182681","110.8167","7.566",""
"4","7.91","±","38.2","0.00","±","63.3","29.8","48","SLO","HBL","0.8286","22.01673272","212.1182681","110.8167","7.566",""
"5.00","7.91","±","38.2","0.00","±","63.3","29.8","49","SLO","HBL","0.8286","22.01673272","212.1182681","110.8167","7.566",""
"6","","","","","","","","","SLO","HBL","0.8286","22.01673272","212.1182681","110.8167","7.566",""
"7.00","","","","","","","","","SLO","HBL","0.8286","22.01673272","212.1182681","110.8167","7.566",""
"8","7.91","±","38.2","0.00","±","63.3","29.5","49","SLO","HBL","0.8286","22.01673272","212.1182681","110.8167","7.566",""
"9.00","","","","","","","","","SLO","HBL","0.8286","22.01673272","212.1182681","110.8167","7.566",""
"10","7.93","±","38.3","0.00","±","63.4","29.5","52","SLO","HBL","0.8286","22.01673272","212.1182681","110.8167","7.566",""
"1.00","15.8","±","43.1","0.00","±","63.2","30.1","57","KRA","HBL","0.74","36.694554528108","226.69127886266","110.95","7.6167",""
"2","7.91","±","63.3","0","±","63.3","30.1","58","KRA","HBL","0.74","36.694554528108","226.69127886266","110.95","7.6167",""
"3.00","23.7","±","47.5","0.00","±","63.3","30.1","58","KRA","HBL","0.74","36.694554528108","226.69127886266","110.95","7.6167",""
"4","15.8","±","43.3","0.00","±","63.3","29.8","55","KRA","HBL","0.74","36.694554528108","226.69127886266","110.95","7.6167",""
"5.00","15.8","±","43.3","0.00","±","63.3","29.5","53","KRA","HBL","0.74","36.694554528108","226.69127886266","110.95","7.6167",""
"6","23.7","±","47.5","0.00","±","63.3","29.2","51","KRA","HBL","0.74","36.694554528108","226.69127886266","110.95","7.6167",""
"7.00","23.7","±","47.5","0.00","±","63.3","29.2","53","KRA","HBL","0.74","36.694554528108","226.69127886266","110.95","7.6167",""
"8","15.8","±","43.3","0.00","±","63.3","28.9","54","KRA","HBL","0.74","36.694554528108","226.69127886266","110.95","7.6167",""
"9.00","7.91","±","38.2","0.00","±","63.3","28.9","54","KRA","HBL","0.74","36.694554528108","226.69127886266","110.95","7.6167",""
"10","31.7","±","51.3","0.00","±","63.4","29.2","58","KRA","HBL","0.74","36.694554528108","226.69127886266","110.95","7.6167",""
"1","15.8","±","43.1","0.00","±","63.2","28.6","59","SKH","HBL","0.784","26.210396091506","235.94398412236","110.833","7.6833",""
"2.00","15.8","±","43.3","0","±","63.3","29.2","59","SKH","HBL","0.784","26.210396091506","235.94398412236","110.833","7.6833",""
"3","7.91","±","38.2","15.80","±","63.3","29.2","54","SKH","HBL","0.784","26.210396091506","235.94398412236","110.833","7.6833",""
"4.00","23.7","±","47.5","0.00","±","63.3","29.5","53","SKH","HBL","0.784","26.210396091506","235.94398412236","110.833","7.6833",""
"5","23.7","±","47.5","0.00","±","63.3","29.5","54","SKH","HBL","0.784","26.210396091506","235.94398412236","110.833","7.6833",""
"6.00","15.8","±","43.3","0.00","±","63.3","29.8","53","SKH","HBL","0.784","26.210396091506","235.94398412236","110.833","7.6833",""
"7","7.91","±","38.2","0.00","±","63.3","29.8","55","SKH","HBL","0.784","26.210396091506","235.94398412236","110.833","7.6833",""
"8.00","15.8","±","43.3","0.00","±","63.3","29.8","54","SKH","HBL","0.784","26.210396091506","235.94398412236","110.833","7.6833",""
"9","39.6","±","54.6","0.00","±","63.3","29.8","54","SKH","HBL","0.784","26.210396091506","235.94398412236","110.833","7.6833",""
"10.00","15.9","±","43.3","0.00","±","63.4","30.1","58","SKH","HBL","0.784","26.210396091506","235.94398412236","110.833","7.6833",""
"1","15.8","±","43.1","15.80","±","76.2","27.7","59","MGT","HBL","0.826","13.76045794804","188.23472262703","111.3362","7.649",""
"2.00","7.91","±","38.2","0","±","63.3","28","59","MGT","HBL","0.826","13.76045794804","188.23472262703","111.3362","7.649",""
"3","23.7","±","47.5","0.00","±","63.3","28.3","57","MGT","HBL","0.826","13.76045794804","188.23472262703","111.3362","7.649",""
"4.00","7.91","±","38.2","0.00","±","63.3","28.6","59","MGT","HBL","0.826","13.76045794804","188.23472262703","111.3362","7.649",""
"5","7.91","±","38.2","0.00","±","63.3","28.6","57","MGT","HBL","0.826","13.76045794804","188.23472262703","111.3362","7.649",""
"6.00","23.7","±","47.5","0.00","±","63.3","28.6","53","MGT","HBL","0.826","13.76045794804","188.23472262703","111.3362","7.649",""
"7","15.8","±","43.3","0.00","±","63.3","28.6","57","MGT","HBL","0.826","13.76045794804","188.23472262703","111.3362","7.649",""
"8.00","7.91","±","38.2","0.00","±","63.3","28.6","52","MGT","HBL","0.826","13.76045794804","188.23472262703","111.3362","7.649",""
"9","15.8","±","43.3","0.00","±","63.3","28.6","55","MGT","HBL","0.826","13.76045794804","188.23472262703","111.3362","7.649",""
"10.00","15.9","±","43.3","0.00","±","63.4","28.0","52","MGT","HBL","0.826","13.76045794804","188.23472262703","111.3362","7.649",""
"1.00","","","","","","","","","MDN","HBL","0.75","45.868193160135","123.46578580913","111.5233","7.6299",""
"2.00","7.91","±","38.2","0.00","±","63.3","28","63","MDN","HBL","0.75","45.868193160135","123.46578580913","111.5233","7.6299",""
"3.00","7.91","±","38.2","0","±","63.3","28","57","MDN","HBL","0.75","45.868193160135","123.46578580913","111.5233","7.6299",""
"4.00","7.91","±","38.2","0.00","±","63.3","28","56","MDN","HBL","0.75","45.868193160135","123.46578580913","111.5233","7.6299",""
"5.00","23.7","±","47.5","0.00","±","63.3","28","59","MDN","HBL","0.75","45.868193160135","123.46578580913","111.5233","7.6299",""
"6.00","","","","","","","","","MDN","HBL","0.75","45.868193160135","123.46578580913","111.5233","7.6299",""
"7.00","31.7","±","51.2","0.00","±","63.3","28.0","54","MDN","HBL","0.75","45.868193160135","123.46578580913","111.5233","7.6299",""
"8.00","31.7","±","51.2","0.00","±","63.3","28.0","54","MDN","HBL","0.75","45.868193160135","123.46578580913","111.5233","7.6299",""
"9.00","7.93","±","38.2","0.00","±","63.3","28.0","54","MDN","HBL","0.75","45.868193160135","123.46578580913","111.5233","7.6299",""
"10.00","15.9","±","43.3","15.90","±","76.5","28.0","54","MDN","HBL","0.75","45.868193160135","123.46578580913","111.5233","7.6299",""
"1","23.7","±","47.4","0.00","±","63.2","28.6","54","BYL","HBL","0.809","12.231518176036","167.31975344625","110.596","7.5293",""
"2.00","31.7","±","51.2","0","±","63.3","28.9","56","BYL","HBL","0.809","12.231518176036","167.31975344625","110.596","7.5293",""
"3","23.7","±","47.5","15.80","±","76.4","29.2","50","BYL","HBL","0.809","12.231518176036","167.31975344625","110.596","7.5293",""
"4.00","23.7","±","47.5","15.80","±","76.4","29.2","50","BYL","HBL","0.809","12.231518176036","167.31975344625","110.596","7.5293",""
"5","23.7","±","47.5","0.00","±","63.3","29.2","52","BYL","HBL","0.809","12.231518176036","167.31975344625","110.596","7.5293",""
"6.00","15.8","±","43.3","0.00","±","63.3","29.2","50","BYL","HBL","0.809","12.231518176036","167.31975344625","110.596","7.5293",""
"7","31.7","±","51.2","0.00","±","63.3","29.2","52","BYL","HBL","0.809","12.231518176036","167.31975344625","110.596","7.5293",""
"8.00","23.7","±","47.5","0.00","±","63.3","29.5","57","BYL","HBL","0.809","12.231518176036","167.31975344625","110.596","7.5293",""
"9","0","±","31.7","15.80","±","76.4","29.5","55","BYL","HBL","0.809","12.231518176036","167.31975344625","110.596","7.5293",""
"10.00","7.94","±","38.3","0.00","±","63.5","29.8","54","BYL","HBL","0.809","12.231518176036","167.31975344625","110.596","7.5293",""
"1.00","15.8","±","43.1","0.00","±","63.2","28","54","KLT","HBL","0.806","22.016732716865","148.96855468117","110.606","7.705",""
"2.00","7.91","±","38.2","0","±","63.3","28.3","52","KLT","HBL","0.806","22.016732716865","148.96855468117","110.606","7.705",""
"3.00","15.8","±","43.3","0.00","±","63.3","28.6","50","KLT","HBL","0.806","22.016732716865","148.96855468117","110.606","7.705",""
"4.00","15.8","±","43.3","0.00","±","63.3","28.6","50","KLT","HBL","0.806","22.016732716865","148.96855468117","110.606","7.705",""
"5.00","","","","","","","","","KLT","HBL","0.806","22.016732716865","148.96855468117","110.606","7.705",""
"6.00","","","","","","","","","KLT","HBL","0.806","22.016732716865","148.96855468117","110.606","7.705",""
"7.00","15.8","±","43.3","0.00","±","63.3","29.2","50","KLT","HBL","0.806","22.016732716865","148.96855468117","110.606","7.705",""
"8.00","23.7","±","47.5","0.00","±","63.3","29.2","50","KLT","HBL","0.806","22.016732716865","148.96855468117","110.606","7.705",""
"9.00","23.7","±","47.5","0.00","±","63.3","29.2","48","KLT","HBL","0.806","22.016732716865","148.96855468117","110.606","7.705",""
"10.00","15.9","±","43.3","0.00","±","63.4","29.2","46","KLT","HBL","0.806","22.016732716865","148.96855468117","110.606","7.705",""
"1.00","7.89","±","38.1","0.00","±","63.2","27.4","61","SLO","SMN","0.914","13.10519805","91.37046444","110.8167","7.566",""
"2.00","15.8","±","43.3","0","±","63.3","27.7","61","SLO","SMN","0.914","13.10519805","91.37046444","110.8167","7.566",""
"3.00","0","±","31.7","0.00","±","63.3","28.3","65","SLO","SMN","0.914","13.10519805","91.37046444","110.8167","7.566",""
"4.00","7.91","±","38.2","0.00","±","63.3","28.3","58","SLO","SMN","0.914","13.10519805","91.37046444","110.8167","7.566",""
"5.00","31.7","±","51.2","15.80","±","76.4","28.0","53","SLO","SMN","0.914","13.10519805","91.37046444","110.8167","7.566",""
"6.00","47.5","±","57.7","0.00","±","63.3","28.0","52","SLO","SMN","0.914","13.10519805","91.37046444","110.8167","7.566",""
"7.00","23.7","±","47.5","0.00","±","63.3","27.7","50","SLO","SMN","0.914","13.10519805","91.37046444","110.8167","7.566",""
"8.00","7.91","±","38.2","15.80","±","76.4","27.4","55","SLO","SMN","0.914","13.10519805","91.37046444","110.8167","7.566",""
"9.00","15.8","±","43.3","0.00","±","63.3","27.4","56","SLO","SMN","0.914","13.10519805","91.37046444","110.8167","7.566",""
"10.00","7.93","±","38.3","0.00","±","63.4","27.4","53","SLO","SMN","0.914","13.10519805","91.37046444","110.8167","7.566",""
"1.00","7.89","±","38.1","15.80","±","76.2","28","55","KRA","SMN","0.853","7.8631188274517","150.35646047013","110.95","7.6167",""
"2.00","31.7","±","51.2","0","±","63.3","28","57","KRA","SMN","0.853","7.8631188274517","150.35646047013","110.95","7.6167",""
"3.00","31.7","±","51.2","0.00","±","63.3","28.6","53","KRA","SMN","0.853","7.8631188274517","150.35646047013","110.95","7.6167",""
"4.00","15.8","±","43.3","0.00","±","63.3","28.9","48","KRA","SMN","0.853","7.8631188274517","150.35646047013","110.95","7.6167",""
"5.00","103","±","75.1","0.00","±","63.3","28.9","48","KRA","SMN","0.853","7.8631188274517","150.35646047013","110.95","7.6167",""
"6.00","71.2","±","65.9","15.80","±","76.4","28.9","50","KRA","SMN","0.853","7.8631188274517","150.35646047013","110.95","7.6167",""
"7.00","79.1","±","68.3","0.00","±","63.3","29.2","47","KRA","SMN","0.853","7.8631188274517","150.35646047013","110.95","7.6167",""
"8.00","87.1","±","70.7","15.80","±","76.4","29.2","45","KRA","SMN","0.853","7.8631188274517","150.35646047013","110.95","7.6167",""
"9.00","71.2","±","65.9","15.80","±","76.4","29.2","50","KRA","SMN","0.853","7.8631188274517","150.35646047013","110.95","7.6167",""
"10.00","79.5","±","68.6","0.00","±","63.6","29.5","46","KRA","SMN","0.853","7.8631188274517","150.35646047013","110.95","7.6167",""
"1.00","","","","","","","","","SKH","SMN","0.87","13.760457948041","69.829010006801","110.833","7.6833",""
"2.00","7.91","±","38.2","0.00","±","63.3","30.1","49","SKH","SMN","0.87","13.760457948041","69.829010006801","110.833","7.6833",""
"3.00","15.8","±","43.3","0","±","63.3","29.8","47","SKH","SMN","0.87","13.760457948041","69.829010006801","110.833","7.6833",""
"4.00","15.8","±","43.3","0.00","±","63.3","29.8","47","SKH","SMN","0.87","13.760457948041","69.829010006801","110.833","7.6833",""
"5.00","23.7","±","47.5","0.00","±","63.3","29.5","45","SKH","SMN","0.87","13.760457948041","69.829010006801","110.833","7.6833",""
"6.00","39.6","±","54.6","0.00","±","63.3","29.5","44","SKH","SMN","0.87","13.760457948041","69.829010006801","110.833","7.6833",""
"7.00","15.8","±","43.3","0.00","±","63.3","29.2","44","SKH","SMN","0.87","13.760457948041","69.829010006801","110.833","7.6833",""
"8.00","15.8","±","43.3","0.00","±","63.3","29.2","49","SKH","SMN","0.87","13.760457948041","69.829010006801","110.833","7.6833",""
"9.00","23.7","±","47.5","0.00","±","63.3","29.2","48","SKH","SMN","0.87","13.760457948041","69.829010006801","110.833","7.6833",""
"10.00","15.9","±","43.3","0.00","±","63.4","29.2","46","SKH","SMN","0.87","13.760457948041","69.829010006801","110.833","7.6833",""
"1.00","7.89","±","38.1","0.00","±","63.2","28.6","56","MGT","SMN","0.841","22.016732716865","93.105346675734","111.3362","7.649",""
"2.00","7.91","±","38.2","0","±","63.3","28.9","55","MGT","SMN","0.841","22.016732716865","93.105346675734","111.3362","7.649",""
"3.00","15.8","±","43.3","0.00","±","63.3","29.2","55","MGT","SMN","0.841","22.016732716865","93.105346675734","111.3362","7.649",""
"4.00","","","","","","","","","MGT","SMN","0.841","22.016732716865","93.105346675734","111.3362","7.649",""
"5.00","15.8","±","43.3","0.00","±","63.3","29.5","52","MGT","SMN","0.841","22.016732716865","93.105346675734","111.3362","7.649",""
"6.00","15.8","±","43.3","15.80","±","76.4","29.5","50","MGT","SMN","0.841","22.016732716865","93.105346675734","111.3362","7.649",""
"7.00","15.8","±","43.3","0.00","±","63.3","29.5","50","MGT","SMN","0.841","22.016732716865","93.105346675734","111.3362","7.649",""
"8.00","23.7","±","47.5","0.00","±","63.3","29.5","50","MGT","SMN","0.841","22.016732716865","93.105346675734","111.3362","7.649",""
"9.00","7.91","±","38.2","0.00","±","63.3","29.5","53","MGT","SMN","0.841","22.016732716865","93.105346675734","111.3362","7.649",""
"10.00","","","","","","","","","MGT","SMN","0.841","22.016732716865","93.105346675734","111.3362","7.649",""
"1.00","31.6","±","51.1","0.00","±","63.2","28.9","67","MDN","SMN","0.861","6.115759088018","104.34995376218","111.5233","7.6299",""
"2.00","7.91","±","38.2","0","±","63.3","29.5","66","MDN","SMN","0.861","6.115759088018","104.34995376218","111.5233","7.6299",""
"3.00","15.8","±","43.3","0.00","±","63.3","30.1","66","MDN","SMN","0.861","6.115759088018","104.34995376218","111.5233","7.6299",""
"4.00","","","","","","","","","MDN","SMN","0.861","6.115759088018","104.34995376218","111.5233","7.6299",""
"5.00","15.8","±","43.3","0.00","±","63.3","31","66","MDN","SMN","0.861","6.115759088018","104.34995376218","111.5233","7.6299",""
"6.00","7.91","±","38.2","0.00","±","63.3","31.3","60","MDN","SMN","0.861","6.115759088018","104.34995376218","111.5233","7.6299",""
"7.00","23.7","±","47.5","0.00","±","63.3","31.0","55","MDN","SMN","0.861","6.115759088018","104.34995376218","111.5233","7.6299",""
"8.00","7.91","±","38.2","0.00","±","63.3","31.0","53","MDN","SMN","0.861","6.115759088018","104.34995376218","111.5233","7.6299",""
"9.00","7.91","±","38.2","0.00","±","63.3","30.7","52","MDN","SMN","0.861","6.115759088018","104.34995376218","111.5233","7.6299",""
"10.00","23.8","±","47.6","0.00","±","63.4","31.0","55","MDN","SMN","0.861","6.115759088018","104.34995376218","111.5233","7.6299",""
"1.00","","","","","","","","","BYL","SMN","0.906","7.3389109056216","131.96670876648","110.596","7.5293",""
"2.00","23.7","±","47.5","0.00","±","63.3","28.9","48","BYL","SMN","0.906","7.3389109056216","131.96670876648","110.596","7.5293",""
"3.00","23.7","±","47.5","0","±","63.3","28.9","48","BYL","SMN","0.906","7.3389109056216","131.96670876648","110.596","7.5293",""
"4.00","7.91","±","38.2","0.00","±","63.3","28.9","48","BYL","SMN","0.906","7.3389109056216","131.96670876648","110.596","7.5293",""
"5.00","23.7","±","47.5","0.00","±","63.3","28.9","48","BYL","SMN","0.906","7.3389109056216","131.96670876648","110.596","7.5293",""
"6.00","31.7","±","51.2","0.00","±","63.3","28.9","47","BYL","SMN","0.906","7.3389109056216","131.96670876648","110.596","7.5293",""
"7.00","7.91","±","38.2","0.00","±","63.3","28.6","47","BYL","SMN","0.906","7.3389109056216","131.96670876648","110.596","7.5293",""
"8.00","39.6","±","54.6","0.00","±","63.3","28.9","49","BYL","SMN","0.906","7.3389109056216","131.96670876648","110.596","7.5293",""
"9.00","7.91","±","38.2","0.00","±","63.3","28.6","48","BYL","SMN","0.906","7.3389109056216","131.96670876648","110.596","7.5293",""
"10.00","15.9","±","43.4","0.00","±","63.5","28.6","49","BYL","SMN","0.906","7.3389109056216","131.96670876648","110.596","7.5293",""
"1.00","23.7","±","47.4","0.00","±","63.2","28.9","50","KLT","SMN","0.904","4.7862462427967","102.08147650648","110.606","7.705",""
"2.00","15.8","±","43.3","15.8","±","76.4","29.2","53","KLT","SMN","0.904","4.7862462427967","102.08147650648","110.606","7.705",""
"3.00","7.91","±","38.2","0.00","±","63.3","29.2","51","KLT","SMN","0.904","4.7862462427967","102.08147650648","110.606","7.705",""
"4.00","23.7","±","47.5","0.00","±","63.3","29.2","50","KLT","SMN","0.904","4.7862462427967","102.08147650648","110.606","7.705",""
"5.00","15.8","±","43.3","0.00","±","63.3","29.5","50","KLT","SMN","0.904","4.7862462427967","102.08147650648","110.606","7.705",""
"6.00","23.7","±","47.5","0.00","±","63.3","29.2","49","KLT","SMN","0.904","4.7862462427967","102.08147650648","110.606","7.705",""
"7.00","31.7","±","51.2","0.00","±","63.3","29.2","51","KLT","SMN","0.904","4.7862462427967","102.08147650648","110.606","7.705",""
"8.00","7.91","±","38.2","0.00","±","63.3","28.9","51","KLT","SMN","0.904","4.7862462427967","102.08147650648","110.606","7.705",""
"9.00","31.7","±","51.2","15.80","±","76.4","28.9","50","KLT","SMN","0.904","4.7862462427967","102.08147650648","110.606","7.705",""
"10.00","","","","","","","","","KLT","SMN","0.904","4.7862462427967","102.08147650648","110.606","7.705",""
"1.00","15.8","±","43.1","0.00","±","63.2","28.3","55","SLO","PSR","1.55","9.656461718","248.849073","110.8167","7.566",""
"2.00","23.7","±","47.5","0","±","63.3","28.6","57","SLO","PSR","1.55","9.656461718","248.849073","110.8167","7.566",""
"3.00","7.91","±","38.2","15.80","±","76.4","28.9","61","SLO","PSR","1.55","9.656461718","248.849073","110.8167","7.566",""
"4.00","7.91","±","38.2","0.00","±","63.3","29.2","61","SLO","PSR","1.55","9.656461718","248.849073","110.8167","7.566",""
"5.00","7.91","±","38.2","0.00","±","63.3","29.2","58","SLO","PSR","1.55","9.656461718","248.849073","110.8167","7.566",""
"6.00","7.91","±","38.2","0.00","±","63.3","29.2","54","SLO","PSR","1.55","9.656461718","248.849073","110.8167","7.566",""
"7.00","7.91","±","38.2","0.00","±","63.3","29.2","57","SLO","PSR","1.55","9.656461718","248.849073","110.8167","7.566",""
"8.00","","","","","","","","","SLO","PSR","1.55","9.656461718","248.849073","110.8167","7.566",""
"9.00","","","","","","","","","SLO","PSR","1.55","9.656461718","248.849073","110.8167","7.566",""
"10.00","","","","","","","","","SLO","PSR","1.55","9.656461718","248.849073","110.8167","7.566",""
"1.00","23.7","±","47.4","0.00","±","63.2","27.7","56","KRA","PSR","1.43","17.381631092262","170.44457057343","110.95","7.6167",""
"2.00","23.7","±","47.5","0","±","63.3","28","53","KRA","PSR","1.43","17.381631092262","170.44457057343","110.95","7.6167",""
"3.00","23.7","±","47.5","0.00","±","63.3","28","53","KRA","PSR","1.43","17.381631092262","170.44457057343","110.95","7.6167",""
"4.00","31.7","±","51.2","0.00","±","63.3","28.3","54","KRA","PSR","1.43","17.381631092262","170.44457057343","110.95","7.6167",""
"5.00","47.5","±","57.7","0.00","±","63.3","28.3","55","KRA","PSR","1.43","17.381631092262","170.44457057343","110.95","7.6167",""
"6.00","31.7","±","51.2","0.00","±","63.3","28.6","55","KRA","PSR","1.43","17.381631092262","170.44457057343","110.95","7.6167",""
"7.00","15.8","±","43.3","0.00","±","63.3","28.6","55","KRA","PSR","1.43","17.381631092262","170.44457057343","110.95","7.6167",""
"8.00","15.9","±","43.3","0.00","±","63.4","28.3","55","KRA","PSR","1.43","17.381631092262","170.44457057343","110.95","7.6167",""
"9.00","","","","","","","","","KRA","PSR","1.43","17.381631092262","170.44457057343","110.95","7.6167",""
"10.00","","","","","","","","","KRA","PSR","1.43","17.381631092262","170.44457057343","110.95","7.6167",""
"1.00","15.8","±","43.1","0.00","±","63.2","27.7","58","SKH","PSR","1.41","15.726237654903","195.07786922535","110.833","7.6833",""
"2.00","15.8","±","43.3","0","±","63.3","28","59","SKH","PSR","1.41","15.726237654903","195.07786922535","110.833","7.6833",""
"3.00","23.7","±","47.5","0.00","±","63.3","28","56","SKH","PSR","1.41","15.726237654903","195.07786922535","110.833","7.6833",""
"4.00","15.8","±","43.3","0.00","±","63.3","28.3","61","SKH","PSR","1.41","15.726237654903","195.07786922535","110.833","7.6833",""
"5.00","0","±","31.7","31.70","±","86.5","28.6","60","SKH","PSR","1.41","15.726237654903","195.07786922535","110.833","7.6833",""
"6.00","23.7","±","47.5","31.70","±","86.5","28.6","55","SKH","PSR","1.41","15.726237654903","195.07786922535","110.833","7.6833",""
"7.00","15.8","±","43.3","0.00","±","63.3","28.6","56","SKH","PSR","1.41","15.726237654903","195.07786922535","110.833","7.6833",""
"8.00","31.7","±","51.2","0.00","±","63.3","28.3","53","SKH","PSR","1.41","15.726237654903","195.07786922535","110.833","7.6833",""
"9.00","15.9","±","43.3","0.00","±","63.4","28.3","56","SKH","PSR","1.41","15.726237654903","195.07786922535","110.833","7.6833",""
"10.00","","","","","","","","","SKH","PSR","1.41","15.726237654903","195.07786922535","110.833","7.6833",""
"1.00","55.3","±","60.4","0.00","±","63.2","30.1","62","MGT","PSR","1.35","8.8066930867459","28.498332199877","111.3362","7.649",""
"2.00","31.7","±","51.2","0","±","63.3","30.1","63","MGT","PSR","1.35","8.8066930867459","28.498332199877","111.3362","7.649",""
"3.00","7.91","±","38.2","15.80","±","76.4","30.1","59","MGT","PSR","1.35","8.8066930867459","28.498332199877","111.3362","7.649",""
"4.00","31.7","±","51.2","0.00","±","63.3","30.1","61","MGT","PSR","1.35","8.8066930867459","28.498332199877","111.3362","7.649",""
"5.00","31.7","±","51.2","0.00","±","63.3","30.1","62","MGT","PSR","1.35","8.8066930867459","28.498332199877","111.3362","7.649",""
"6.00","31.7","±","51.2","0.00","±","63.3","30.4","60","MGT","PSR","1.35","8.8066930867459","28.498332199877","111.3362","7.649",""
"7.00","31.7","±","51.2","0.00","±","63.3","30.4","59","MGT","PSR","1.35","8.8066930867459","28.498332199877","111.3362","7.649",""
"8.00","7.91","±","38.2","15.80","±","76.4","30.7","61","MGT","PSR","1.35","8.8066930867459","28.498332199877","111.3362","7.649",""
"9.00","31.7","±","51.4","0.00","±","63.5","30.7","59","MGT","PSR","1.35","8.8066930867459","28.498332199877","111.3362","7.649",""
"10.00","","","","","","","","","MGT","PSR","1.35","8.8066930867459","28.498332199877","111.3362","7.649",""
"1.00","7.89","±","38.1","0.00","±","63.2","29.2","50","MDN","PSR","1.17","7.3389109056216","84.199617863273","111.5233","7.6299",""
"2.00","23.7","±","47.5","0","±","63.3","29.2","51","MDN","PSR","1.17","7.3389109056216","84.199617863273","111.5233","7.6299",""
"3.00","7.91","±","38.2","0.00","±","63.3","29.2","53","MDN","PSR","1.17","7.3389109056216","84.199617863273","111.5233","7.6299",""
"4.00","23.7","±","47.5","0.00","±","63.3","29.2","51","MDN","PSR","1.17","7.3389109056216","84.199617863273","111.5233","7.6299",""
"5.00","7.91","±","38.2","0.00","±","63.3","28.9","50","MDN","PSR","1.17","7.3389109056216","84.199617863273","111.5233","7.6299",""
"6.00","47.5","±","57.7","15.80","±","76.4","28.9","50","MDN","PSR","1.17","7.3389109056216","84.199617863273","111.5233","7.6299",""
"7.00","23.7","±","47.5","0.00","±","63.3","28.9","51","MDN","PSR","1.17","7.3389109056216","84.199617863273","111.5233","7.6299",""
"8.00","7.91","±","38.2","0.00","±","63.3","28.9","49","MDN","PSR","1.17","7.3389109056216","84.199617863273","111.5233","7.6299",""
"9.00","47.6","±","57.9","0.00","±","63.5","28.9","50","MDN","PSR","1.17","7.3389109056216","84.199617863273","111.5233","7.6299",""
"10.00","","","","","","","","","MDN","PSR","1.17","7.3389109056216","84.199617863273","111.5233","7.6299",""
"1.00","39.5","±","54.5","0.00","±","63.2","28.3","50","BYL","PSR","1.46","17.613386173492","151.55931215389","110.596","7.5293",""
"2.00","7.91","±","38.2","0","±","63.3","28.6","49","BYL","PSR","1.46","17.613386173492","151.55931215389","110.596","7.5293",""
"3.00","15.8","±","43.3","0.00","±","63.3","28.9","52","BYL","PSR","1.46","17.613386173492","151.55931215389","110.596","7.5293",""
"4.00","15.8","±","43.3","0.00","±","63.3","28.9","50","BYL","PSR","1.46","17.613386173492","151.55931215389","110.596","7.5293",""
"5.00","15.8","±","43.3","0.00","±","63.3","29.2","49","BYL","PSR","1.46","17.613386173492","151.55931215389","110.596","7.5293",""
"6.00","23.7","±","47.5","0.00","±","63.3","29.2","50","BYL","PSR","1.46","17.613386173492","151.55931215389","110.596","7.5293",""
"7.00","15.8","±","43.3","0.00","±","63.3","29.2","51","BYL","PSR","1.46","17.613386173492","151.55931215389","110.596","7.5293",""
"8.00","31.7","±","51.2","0.00","±","63.3","29.2","50","BYL","PSR","1.46","17.613386173492","151.55931215389","110.596","7.5293",""
"9.00","39.6","±","54.6","0.00","±","63.3","28.9","48","BYL","PSR","1.46","17.613386173492","151.55931215389","110.596","7.5293",""
"10.00","23.8","±","47.6","0.00","±","63.4","28.9","48","BYL","PSR","1.46","17.613386173492","151.55931215389","110.596","7.5293",""
"1.00","15.8","±","43.1","0.00","±","63.2","28.9","53","KLT","PSR","1.48","3.7959883994595","187.60657561048","110.606","7.705",""
"2.00","39.6","±","54.6","0","±","63.3","29.2","52","KLT","PSR","1.48","3.7959883994595","187.60657561048","110.606","7.705",""
"3.00","23.7","±","47.5","0.00","±","63.3","29.2","55","KLT","PSR","1.48","3.7959883994595","187.60657561048","110.606","7.705",""
"4.00","7.91","±","38.2","0.00","±","63.3","29.5","53","KLT","PSR","1.48","3.7959883994595","187.60657561048","110.606","7.705",""
"5.00","15.8","±","43.3","0.00","±","63.3","29.5","57","KLT","PSR","1.48","3.7959883994595","187.60657561048","110.606","7.705",""
"6.00","7.91","±","38.2","0.00","±","63.3","29.8","57","KLT","PSR","1.48","3.7959883994595","187.60657561048","110.606","7.705",""
"7.00","7.91","±","38.2","0.00","±","63.3","29.8","52","KLT","PSR","1.48","3.7959883994595","187.60657561048","110.606","7.705",""
"8.00","","","","","","","","","KLT","PSR","1.48","3.7959883994595","187.60657561048","110.606","7.705",""
"9.00","","","","","","","","","KLT","PSR","1.48","3.7959883994595","187.60657561048","110.606","7.705",""
"10.00","","","","","","","","","KLT","PSR","1.48","3.7959883994595","187.60657561048","110.606","7.705",""
"","","","","","","","","","BGR","BTA","0.932","29.295","30.966","106.8166","6.595",""
"14.19","7.91","±","38.2","0.00","±","63.3","28.3","54","BGR","BTA","0.932","29.295","30.966","106.8166","6.595",""
"14.39","7.91","±","38.2","0.00","±","63.3","28.3","52","BGR","BTA","0.932","29.295","30.966","106.8166","6.595",""
"14.59","55.5","±","60.7","0.00","±","63.4","28.3","53","BGR","BTA","0.932","29.295","30.966","106.8166","6.595",""
"15.19","15.8","±","43.3","0.00","±","63.3","28.3","55","BGR","BTA","0.932","29.295","30.966","106.8166","6.595",""
"15.39","31.7","±","51.2","15.8","±","76.4","28.3","55","BGR","BTA","0.932","29.295","30.966","106.8166","6.595",""
"15.59","15.8","±","43.3","0.00","±","63.3","28.6","58","BGR","BTA","0.932","29.295","30.966","106.8166","6.595",""
"16.19","23.7","±","47.5","0.00","±","63.3","29.2","58","BGR","BTA","0.932","29.295","30.966","106.8166","6.595",""
"16.39","7.91","±","38.2","0.00","±","63.3","29.8","59","BGR","BTA","0.932","29.295","30.966","106.8166","6.595",""
"16.59","39.7","±","54.8","0.00","±","63.6","30.1","59","BGR","BTA","0.932","29.295","30.966","106.8166","6.595",""
"","","","","","","","","","BGR","HBL","0.559","45.169","42.017","106.8166","6.595",""
"","","","","","","","","","BGR","HBL","0.559","45.169","42.017","106.8166","6.595",""
"09.39","7.91","±","38.2","0.00","±","63.3","29.2","53","BGR","HBL","0.559","45.169","42.017","106.8166","6.595",""
"09.59","7.91","±","38.2","0.00","±","63.3","28.9","50","BGR","HBL","0.559","45.169","42.017","106.8166","6.595",""
"10.19","7.91","±","38.2","0.00","±","63.3","29.2","53","BGR","HBL","0.559","45.169","42.017","106.8166","6.595",""
"10.39","23.7","±","47.5","0.00","±","63.3","28.9","51","BGR","HBL","0.559","45.169","42.017","106.8166","6.595",""
"","","","","","","","","","BGR","HBL","0.559","45.169","42.017","106.8166","6.595",""
"11.19","31.7","±","51.3","0.00","±","63.4","28.9","50","BGR","HBL","0.559","45.169","42.017","106.8166","6.595",""
"11.39","23.7","±","47.5","0.00","±","63.3","28.9","49","BGR","HBL","0.559","45.169","42.017","106.8166","6.595",""
"11.59","7.95","±","38.4","0.00","±","63.6","28.9","50","BGR","HBL","0.559","45.169","42.017","106.8166","6.595",""
"9.01","15.8","±","43.1","15.80","±","76.2","28.0","55","BGR","SMN","0.916","29.295","15.238","106.8166","6.595",""
"09.21","7.91","±","38.2","0.00","±","63.3","28.0","53","BGR","SMN","0.916","29.295","15.238","106.8166","6.595",""
"9.41","15.8","±","43.3","0.00","±","63.3","28.3","52","BGR","SMN","0.916","29.295","15.238","106.8166","6.595",""
"","","","","","","","","","BGR","SMN","0.916","29.295","15.238","106.8166","6.595",""
"10.21","23.7","±","47.5","0.00","±","63.3","28.6","54","BGR","SMN","0.916","29.295","15.238","106.8166","6.595",""
"10.41","7.91","±","38.2","0.00","±","63.3","28.6","52","BGR","SMN","0.916","29.295","15.238","106.8166","6.595",""
"11.01","0.00","±","31.7","0.00","±","63.3","28.6","53","BGR","SMN","0.916","29.295","15.238","106.8166","6.595",""
"11.21","7.91","±","38.2","0.00","±","63.3","28.9","54","BGR","SMN","0.916","29.295","15.238","106.8166","6.595",""
"11.41","23.7","±","47.5","0.00","±","63.3","28.6","52","BGR","SMN","0.916","29.295","15.238","106.8166","6.595",""
"12.01","23.8","±","47.7","0.00","±","63.6","28.3","51","BGR","SMN","0.916","29.295","15.238","106.8166","6.595",""
"11.57","15.8","±","43.2","0.00","±","63.2","28.3","53","BGR","PSR","0.998","20.75","73.422","106.8166","6.595",""
"12.17","7.93","±","38.3","0","±","63.4","28.6","52","BGR","PSR","0.998","20.75","73.422","106.8166","6.595",""
"12.37","15.9","±","43.3","0.00","±","63.4","28.3","51","BGR","PSR","0.998","20.75","73.422","106.8166","6.595",""
"12.57","7.91","±","38.2","0.00","±","63.3","28.3","51","BGR","PSR","0.998","20.75","73.422","106.8166","6.595",""
"13.17","15.8","±","43.3","0.00","±","63.3","28.6","49","BGR","PSR","0.998","20.75","73.422","106.8166","6.595",""
"13.37","23.7","±","47.5","0.00","±","63.3","28.3","49","BGR","PSR","0.998","20.75","73.422","106.8166","6.595",""
"13.57","15.8","±","43.3","0.00","±","63.3","28.3","49","BGR","PSR","0.998","20.75","73.422","106.8166","6.595",""
"14.17","39.6","±","54.7","0.00","±","76.4","29.2","45","BGR","PSR","0.998","20.75","73.422","106.8166","6.595",""
"14.37","23.8","±","47.6","0.00","±","63.4","28.3","49","BGR","PSR","0.998","20.75","73.422","106.8166","6.595",""
"14.57","47.7","±","57.9","0.00","±","63.6","28.0","49","BGR","PSR","0.998","20.75","73.422","106.8166","6.595",""
"10.42","7.90","±","38.2","0.00","±","63.2","29.5","56","DPK","BTA","1.133","47.612","34.827","106.7942","6.4025",""
"","","","","","","","","","DPK","BTA","1.133","47.612","34.827","106.7942","6.4025",""
"11.22","7.91","±","38.2","0.00","±","63.3","29.2","53","DPK","BTA","1.133","47.612","34.827","106.7942","6.4025",""
"11.42","7.91","±","38.2","0.00","±","63.3","28.9","52","DPK","BTA","1.133","47.612","34.827","106.7942","6.4025",""
"","","","","","","","","","DPK","BTA","1.133","47.612","34.827","106.7942","6.4025",""
"12.22","15.8","±","43.3","0.00","±","63.3","28.9","53","DPK","BTA","1.133","47.612","34.827","106.7942","6.4025",""
"12.42","15.8","±","43.3","0.00","±","63.3","28.9","53","DPK","BTA","1.133","47.612","34.827","106.7942","6.4025",""
"13.02","15.8","±","43.3","0.00","±","63.3","28.6","52","DPK","BTA","1.133","47.612","34.827","106.7942","6.4025",""
"13.22","15.8","±","43.3","0.00","±","63.3","28.6","51","DPK","BTA","1.133","47.612","34.827","106.7942","6.4025",""
"13.42","7.95","±","38.4","0.00","±","63.6","28.6","53","DPK","BTA","1.133","47.612","34.827","106.7942","6.4025",""
"08.09","7.90","±","38.2","0.00","±","63.3","28.6","62","DPK","HBL","0.561","31.738","24.031","106.7942","6.4025",""
"08.29","31.7","±","51.2","0.00","±","63.3","28.6","54","DPK","HBL","0.561","31.738","24.031","106.7942","6.4025",""
"08.49","7.91","±","38.2","0.00","±","63.3","28.6","52","DPK","HBL","0.561","31.738","24.031","106.7942","6.4025",""
"09.09","31.7","±","51.2","0.00","±","63.3","28.6","50","DPK","HBL","0.561","31.738","24.031","106.7942","6.4025",""
"9.29","23.7","±","47.5","0.00","±","63.3","28.6","50","DPK","HBL","0.561","31.738","24.031","106.7942","6.4025",""
"09.49","15.9","±","43.3","0.00","±","63.3","28.6","48","DPK","HBL","0.561","31.738","24.031","106.7942","6.4025",""
"10.09","23.7","±","47.5","0.00","±","63.3","28.3","48","DPK","HBL","0.561","31.738","24.031","106.7942","6.4025",""
"10.29","39.6","±","54.7","0.00","±","63.4","28.3","50","DPK","HBL","0.561","31.738","24.031","106.7942","6.4025",""
"10.49","15.8","±","43.3","0.00","±","63.3","28.3","49","DPK","HBL","0.561","31.738","24.031","106.7942","6.4025",""
"11.09","47.7","±","57.9","0.00","±","63.6","28.3","48","DPK","HBL","0.561","31.738","24.031","106.7942","6.4025",""
"08.13","7.90","±","38.2","0.00","±","63.2","28.3","57","DPK","SMN","0.841","18.307","8.835","106.7942","6.4025",""
"08.33","23.7","±","47.5","0.00","±","63.3","28.3","54","DPK","SMN","0.841","18.307","8.835","106.7942","6.4025",""
"08.53","31.7","±","51.2","0.00","±","63.3","28.6","59","DPK","SMN","0.841","18.307","8.835","106.7942","6.4025",""
"09.13","7.91","±","38.2","0.00","±","63.4","28.6","54","DPK","SMN","0.841","18.307","8.835","106.7942","6.4025",""
"9.33","15.8","±","43.3","0.00","±","63.3","28.6","55","DPK","SMN","0.841","18.307","8.835","106.7942","6.4025",""
"09.53","7.91","±","38.2","0.00","±","63.3","28.6","53","DPK","SMN","0.841","18.307","8.835","106.7942","6.4025",""
"10.13","15.9","±","43.3","0.00","±","63.4","28.9","51","DPK","SMN","0.841","18.307","8.835","106.7942","6.4025",""
"10.33","31.7","±","51.2","0.00","±","63.3","28.6","54","DPK","SMN","0.841","18.307","8.835","106.7942","6.4025",""
"10.53","15.8","±","43.4","0.00","±","63.3","28.6","51","DPK","SMN","0.841","18.307","8.835","106.7942","6.4025",""
"11.13","7.94","±","38.3","0.00","±","63.5","28.3","51","DPK","SMN","0.841","18.307","8.835","106.7942","6.4025",""
"08.16","15.8","±","43.1","0.00","±","63.2","28.9","50","DPK","PSR","1.009","25.636","44.172","106.7942","6.4025",""
"08.36","31.7","±","51.2","0.00","±","63.3","28.9","50","DPK","PSR","1.009","25.636","44.172","106.7942","6.4025",""
"08.56","23.7","±","47.5","15.8","±","76.4","28.9","49","DPK","PSR","1.009","25.636","44.172","106.7942","6.4025",""
"09.16","47.6","±","57.8","0.00","±","63.4","28.9","48","DPK","PSR","1.009","25.636","44.172","106.7942","6.4025",""
"9.36","23.8","±","47.6","0.00","±","63.4","28.9","51","DPK","PSR","1.009","25.636","44.172","106.7942","6.4025",""
"09.56","7.93","±","38.3","0.00","±","63.4","28.6","53","DPK","PSR","1.009","25.636","44.172","106.7942","6.4025",""
"10.16","23.8","±","47.6","0.00","±","63.4","28.9","52","DPK","PSR","1.009","25.636","44.172","106.7942","6.4025",""
"10.36","15.9","±","43.3","0.00","±","63.4","28.9","55","DPK","PSR","1.009","25.636","44.172","106.7942","6.4025",""
"10.56","39.6","±","54.7","15.9","±","76.5","28.9","57","DPK","PSR","1.009","25.636","44.172","106.7942","6.4025",""
"11.16","15.9","±","43.3","15.9","±","76.6","28.9","56","DPK","PSR","1.009","25.636","44.172","106.7942","6.4025",""
"","","","","","","","","","JKT","BTA","0.944","37.84","39.79","106.8456","6.2088",""
"12.1","7.91","±","38.2","0.00","±","63.3","27.7","55","JKT","BTA","0.944","37.84","39.79","106.8456","6.2088",""
"12.30","7.91","±","38.2","0.00","±","63.3","27.7","55","JKT","BTA","0.944","37.84","39.79","106.8456","6.2088",""
"12.50","7.91","±","38.2","0.00","±","63.3","28.3","56","JKT","BTA","0.944","37.84","39.79","106.8456","6.2088",""
"13.10","7.91","±","38.2","15.8","±","76.4","28.3","57","JKT","BTA","0.944","37.84","39.79","106.8456","6.2088",""
"13.30","7.91","±","38.2","0.00","±","63.3","28.3","55","JKT","BTA","0.944","37.84","39.79","106.8456","6.2088",""
"13.50","23.7","±","47.5","0.00","±","63.3","28.3","53","JKT","BTA","0.944","37.84","39.79","106.8456","6.2088",""
"","","","","","","","","","JKT","BTA","0.944","37.84","39.79","106.8456","6.2088",""
"14.30","7.91","±","38.2","0.00","±","63.3","28.3","54","JKT","BTA","0.944","37.84","39.79","106.8456","6.2088",""
"14.50","15.9","±","43.4","0.00","±","63.6","28.3","55","JKT","BTA","0.944","37.84","39.79","106.8456","6.2088",""
"08.46","15.8","±","43.1","0.00","±","63.2","28.3","59","JKT","HBL","0.654","31.738","47.613","106.8456","6.2088",""
"","","","","","","","","","JKT","HBL","0.654","31.738","47.613","106.8456","6.2088",""
"","","","","","","","","","JKT","HBL","0.654","31.738","47.613","106.8456","6.2088",""
"09.46","15.8","±","43.3","0.00","±","63.3","28.6","57","JKT","HBL","0.654","31.738","47.613","106.8456","6.2088",""
"10.06","7.91","±","38.2","15.8","±","76.4","28.9","57","JKT","HBL","0.654","31.738","47.613","106.8456","6.2088",""
"10.26","23.7","±","47.5","0.00","±","63.3","28.9","55","JKT","HBL","0.654","31.738","47.613","106.8456","6.2088",""
"","","","","","","","","","JKT","HBL","0.654","31.738","47.613","106.8456","6.2088",""
"11.06","15.8","±","43.3","0.00","±","63.3","28.6","59","JKT","HBL","0.654","31.738","47.613","106.8456","6.2088",""
"","","","","","","","","","JKT","HBL","0.654","31.738","47.613","106.8456","6.2088",""
"","","","","","","","","","JKT","HBL","0.654","31.738","47.613","106.8456","6.2088",""
"08.33","7.89","±","38.1","0.00","±","63.2","27.7","55","JKT","SMN","0.8","14.647","36.614","106.8456","6.2088",""
"08.53","31.7","±","51.2","0.00","±","63.3","28.0","55","JKT","SMN","0.8","14.647","36.614","106.8456","6.2088",""
"09.13","7.91","±","38.2","15.8","±","76.4","28.3","57","JKT","SMN","0.8","14.647","36.614","106.8456","6.2088",""
"","","","","","","","","","JKT","SMN","0.8","14.647","36.614","106.8456","6.2088",""
"09.53","23.7","±","47.5","0.00","±","63.3","28.6","53","JKT","SMN","0.8","14.647","36.614","106.8456","6.2088",""
"10.13","15.8","±","43.3","0.00","±","63.3","28.6","51","JKT","SMN","0.8","14.647","36.614","106.8456","6.2088",""
"10.33","15.8","±","43.3","0.00","±","63.3","28.6","53","JKT","SMN","0.8","14.647","36.614","106.8456","6.2088",""
"10.53","23.7","±","47.5","0.00","±","63.3","28.6","53","JKT","SMN","0.8","14.647","36.614","106.8456","6.2088",""
"","","","","","","","","","JKT","SMN","0.8","14.647","36.614","106.8456","6.2088",""
"11","7.95","±","38.4","0.00","±","63.6","28.6","51","JKT","SMN","0.8","14.647","36.614","106.8456","6.2088",""
"12.31","15.8","±","43.1","0.00","±","63.2","28.6","57","JKT","PSR","0.87","28.078","52.863","106.8456","6.2088",""
"","","","","","","","","","JKT","PSR","0.87","28.078","52.863","106.8456","6.2088",""
"13.11","7.91","±","38.2","0.00","±","63.3","28.6","57","JKT","PSR","0.87","28.078","52.863","106.8456","6.2088",""
"","","","","","","","","","JKT","PSR","0.87","28.078","52.863","106.8456","6.2088",""
"13.51","7.91","±","38.2","0.00","±","63.3","28.6","54","JKT","PSR","0.87","28.078","52.863","106.8456","6.2088",""
"14.11","23.7","±","47.5","0.00","±","63.3","28.9","55","JKT","PSR","0.87","28.078","52.863","106.8456","6.2088",""
"14.31","7.91","±","38.2","15.8","±","76.4","28.9","59","JKT","PSR","0.87","28.078","52.863","106.8456","6.2088",""
"14.51","23.7","±","47.5","0.00","±","63.3","28.9","61","JKT","PSR","0.87","28.078","52.863","106.8456","6.2088",""
"15.11","7.91","±","38.2","0.00","±","63.3","28.9","58","JKT","PSR","0.87","28.078","52.863","106.8456","6.2088",""
"15.31","31.8","±","51.4","0.00","±","63.6","28.9","59","JKT","PSR","0.87","28.078","52.863","106.8456","6.2088",""
"","","","","","","","","","TNG","BTA","0.872","26.852","37.4","106.6319","6.1783",""
"","","","","","","","","","TNG","BTA","0.872","26.852","37.4","106.6319","6.1783",""
"12.41","15.8","±","43.3","15.8","±","76.4","28.3","50","TNG","BTA","0.872","26.852","37.4","106.6319","6.1783",""
"13.01","15.8","±","43.3","0.00","±","63.3","28.3","49","TNG","BTA","0.872","26.852","37.4","106.6319","6.1783",""
"","","","","","","","","","TNG","BTA","0.872","26.852","37.4","106.6319","6.1783",""
"13.41","15.8","±","43.3","0.00","±","63.3","28.3","50","TNG","BTA","0.872","26.852","37.4","106.6319","6.1783",""
"14.01","31.7","±","51.2","0.00","±","63.3","28.3","54","TNG","BTA","0.872","26.852","37.4","106.6319","6.1783",""
"14.21","15.8","±","43.3","0.00","±","63.3","28.6","53","TNG","BTA","0.872","26.852","37.4","106.6319","6.1783",""
"14.41","15.8","±","47.5","0.00","±","63.3","28.6","53","TNG","BTA","0.872","26.852","37.4","106.6319","6.1783",""
"15.01","23.8","±","47.7","0.00","±","63.6","28.6","51","TNG","BTA","0.872","26.852","37.4","106.6319","6.1783",""
"","","","","","","","","","TNG","HBL","0.578","29.295","19.926","106.6319","6.1783",""
"08.09","7.90","±","38.2","0.00","±","63.3","28.6","62","TNG","HBL","0.578","29.295","19.926","106.6319","6.1783",""
"14.04","15.8","±","43.3","0.00","±","63.3","28.3","58","TNG","HBL","0.578","29.295","19.926","106.6319","6.1783",""
"14.25","0.00","±","31.7","15.8","±","76.4","28.3","57","TNG","HBL","0.578","29.295","19.926","106.6319","6.1783",""
"","","","","","","","","","TNG","HBL","0.578","29.295","19.926","106.6319","6.1783",""
"","","","","","","","","","TNG","HBL","0.578","29.295","19.926","106.6319","6.1783",""
"","","","","","","","","","TNG","HBL","0.578","29.295","19.926","106.6319","6.1783",""
"15.45","15.8","±","43.3","0.00","±","63.3","28.3","60","TNG","HBL","0.578","29.295","19.926","106.6319","6.1783",""
"16.05","7.91","±","38.2","0.00","±","63.3","38.6","62","TNG","HBL","0.578","29.295","19.926","106.6319","6.1783",""
"16.25","7.95","±","38.4","0.00","±","63.3","28.9","61","TNG","HBL","0.578","29.295","19.926","106.6319","6.1783",""
"08.56","15.8","±","43.2","0.00","±","63.2","28.3","53","TNG","SMN","0.78","40.283","51.882","106.6319","6.1783",""
"09.16","15.8","±","43.3","0.00","±","63.3","28.6","52","TNG","SMN","0.78","40.283","51.882","106.6319","6.1783",""
"09.36","31.7","±","51.2","0.00","±","63.3","28.6","51","TNG","SMN","0.78","40.283","51.882","106.6319","6.1783",""
"09.56","15.9","±","43.3","0.00","±","63.4","28.6","50","TNG","SMN","0.78","40.283","51.882","106.6319","6.1783",""
"10.16","15.8","±","43.3","0.00","±","63.3","28.6","51","TNG","SMN","0.78","40.283","51.882","106.6319","6.1783",""
"10.36","15.8","±","43.3","0.00","±","63.3","28.6","53","TNG","SMN","0.78","40.283","51.882","106.6319","6.1783",""
"","","","","","","","","","TNG","SMN","0.78","40.283","51.882","106.6319","6.1783",""
"11.16","23.7","±","47.5","0.00","±","63.3","28.9","51","TNG","SMN","0.78","40.283","51.882","106.6319","6.1783",""
"11.37","7.91","±","38.2","0.00","±","63.3","28.6","50","TNG","SMN","0.78","40.283","51.882","106.6319","6.1783",""
"11.57","15.9","±","43.4","0.00","±","63.6","28.6","50","TNG","SMN","0.78","40.283","51.882","106.6319","6.1783",""
"09.57","7.89","±","38.1","0.00","±","63.2","28.3","56","TNG","PSR","0.996","43.942","56.151","106.6319","6.1783",""
"10.17","7.91","±","38.2","0.00","±","63.3","28.6","55","TNG","PSR","0.996","43.942","56.151","106.6319","6.1783",""
"10.37","0.00","±","31.7","15.8","±","76.4","28.6","54","TNG","PSR","0.996","43.942","56.151","106.6319","6.1783",""
"10.57","15.8","±","43.3","0.00","±","63.3","28.6","53","TNG","PSR","0.996","43.942","56.151","106.6319","6.1783",""
"11.17","7.91","±","38.2","0.00","±","63.3","28.9","51","TNG","PSR","0.996","43.942","56.151","106.6319","6.1783",""
"11.37","7.91","±","38.2","0.00","±","63.3","28.9","53","TNG","PSR","0.996","43.942","56.151","106.6319","6.1783",""
"11.57","7.91","±","38.2","0.00","±","63.3","28.9","51","TNG","PSR","0.996","43.942","56.151","106.6319","6.1783",""
"12.17","15.8","±","43.3","0.00","±","63.3","29.2","54","TNG","PSR","0.996","43.942","56.151","106.6319","6.1783",""
"","","","","","","","","","TNG","PSR","0.996","43.942","56.151","106.6319","6.1783",""
"12.37","7.95","±","43.4","0.00","±","63.6","28.6","53","TNG","PSR","0.996","43.942","56.151","106.6319","6.1783",""
"9.48","7.90","±","38.2","15.80","±","76.3","27.4","56","BKS","BTA","0.918","21.976","90.774","106.9756","6.2383",""
"10.09","7.91","±","38.2","0.00","±","63.3","27.7","55","BKS","BTA","0.918","21.976","90.774","106.9756","6.2383",""
"10.29","7.91","±","38.2","0.00","±","63.3","28.0","57","BKS","BTA","0.918","21.976","90.774","106.9756","6.2383",""
"10.49","23.7","±","47.5","15.80","±","76.4","28.0","53","BKS","BTA","0.918","21.976","90.774","106.9756","6.2383",""
"11.09","7.91","±","38.2","0.00","±","63.3","28.0","56","BKS","BTA","0.918","21.976","90.774","106.9756","6.2383",""
"11.29","23.7","±","47.5","0.00","±","63.3","28.3","57","BKS","BTA","0.918","21.976","90.774","106.9756","6.2383",""
"11.49","15.8","±","43.3","0.00","±","63.3","28.6","56","BKS","BTA","0.918","21.976","90.774","106.9756","6.2383",""
"12.09","7.91","±","38.2","15.80","±","76.4","28.3","56","BKS","BTA","0.918","21.976","90.774","106.9756","6.2383",""
"12.29","15.8","±","43.3","0.00","±","63.3","28.3","56","BKS","BTA","0.918","21.976","90.774","106.9756","6.2383",""
"","","","","","","","","","BKS","BTA","0.918","21.976","90.774","106.9756","6.2383",""
"","","","","","","","","","BKS","HBL","0.651","28.078","20.794","106.9756","6.2383",""
"12.41","15.8","±","43.3","0.00","±","63.3","29.8","56","BKS","HBL","0.651","28.078","20.794","106.9756","6.2383",""
"","","","","","","","","","BKS","HBL","0.651","28.078","20.794","106.9756","6.2383",""
"13.21","15.8","±","43.3","0.00","±","63.3","29.8","52","BKS","HBL","0.651","28.078","20.794","106.9756","6.2383",""
"13.41","7.91","±","38.2","0.00","±","63.3","29.8","53","BKS","HBL","0.651","28.078","20.794","106.9756","6.2383",""
"14.01","7.91","±","38.2","0.00","±","63.3","29.8","54","BKS","HBL","0.651","28.078","20.794","106.9756","6.2383",""
"14.21","7.91","±","38.2","0.00","±","63.3","29.8","54","BKS","HBL","0.651","28.078","20.794","106.9756","6.2383",""
"14.41","7.91","±","38.2","0.00","±","63.3","29.8","54","BKS","HBL","0.651","28.078","20.794","106.9756","6.2383",""
"15.01","15.8","±","43.3","0.00","±","63.3","29.8","54","BKS","HBL","0.651","28.078","20.794","106.9756","6.2383",""
"15.21","31.8","±","51.4","0.00","±","63.6","29.8","54","BKS","HBL","0.651","28.078","20.794","106.9756","6.2383",""
"8.58","31.6","±","51.2","0.00","±","63.2","28.0","58","BKS","SMN","0.833","19.533","73.299","106.9756","6.2383",""
"09.18","7.91","±","38.2","0.00","±","63.3","28.0","51","BKS","SMN","0.833","19.533","73.299","106.9756","6.2383",""
"9.38","31.7","±","51.2","0.00","±","63.3","28.3","53","BKS","SMN","0.833","19.533","73.299","106.9756","6.2383",""
"9.58","23.7","±","47.5","0.00","±","63.3","28.3","52","BKS","SMN","0.833","19.533","73.299","106.9756","6.2383",""
"10.18","15.8","±","43.3","0.00","±","63.3","28.3","51","BKS","SMN","0.833","19.533","73.299","106.9756","6.2383",""
"10.38","15.9","±","43.3","0.00","±","63.4","28.3","50","BKS","SMN","0.833","19.533","73.299","106.9756","6.2383",""
"10.58","23.8","±","47.6","0.00","±","63.4","28.3","50","BKS","SMN","0.833","19.533","73.299","106.9756","6.2383",""
"11.18","7.91","±","38.2","0.00","±","63.3","28.3","51","BKS","SMN","0.833","19.533","73.299","106.9756","6.2383",""
"11.38","55.5","±","60.7","0.00","±","63.4","28.3","52","BKS","SMN","0.833","19.533","73.299","106.9756","6.2383",""
"11.58","15.9","±","43.4","0.00","±","63.6","28.3","51","BKS","SMN","0.833","19.533","73.299","106.9756","6.2383",""
"09.08","7.89","±","38.1","0.00","±","63.2","28.3","61","BKS","PSR","0.932","46.385","99.394","106.9756","6.2383",""
"09.28","7.91","±","38.2","0.00","±","63.3","28.3","56","BKS","PSR","0.932","46.385","99.394","106.9756","6.2383",""
"09.48","7.91","±","38.2","0.00","±","63.3","28.3","55","BKS","PSR","0.932","46.385","99.394","106.9756","6.2383",""
"10.08","7.91","±","38.2","0.00","±","63.3","28.3","57","BKS","PSR","0.932","46.385","99.394","106.9756","6.2383",""
"","","","","","","","","","BKS","PSR","0.932","46.385","99.394","106.9756","6.2383",""
"10.48","15.8","±","43.3","0.00","±","63.3","28.9","60","BKS","PSR","0.932","46.385","99.394","106.9756","6.2383",""
"11.08","7.91","±","38.2","0.00","±","63.3","28.6","59","BKS","PSR","0.932","46.385","99.394","106.9756","6.2383",""
"11.28","15.8","±","43.3","0.00","±","63.3","28.9","59","BKS","PSR","0.932","46.385","99.394","106.9756","6.2383",""
"11.48","15.8","±","43.3","0.00","±","63.4","28.9","56","BKS","PSR","0.932","46.385","99.394","106.9756","6.2383",""
"12.08","15.9","±","43.3","0.00","±","63.6","28.6","55","BKS","PSR","0.932","46.385","99.394","106.9756","6.2383",""
"","","","","","","","","","SRG","BTA","0.998","54.93","26.687","106.1638","6.1104",""
"12.40","7.90","±","38.2","15.80","±","76.3","28.6","51","SRG","BTA","0.998","54.93","26.687","106.1638","6.1104",""
"13.00","47.5","±","57.7","0.00","±","63.3","28.6","48","SRG","BTA","0.998","54.93","26.687","106.1638","6.1104",""
"13.40","15.9","±","43.3","0.00","±","63.4","28.6","53","SRG","BTA","0.998","54.93","26.687","106.1638","6.1104",""
"14.00","23.8","±","47.6","0.00","±","63.4","28.6","52","SRG","BTA","0.998","54.93","26.687","106.1638","6.1104",""
"14.20","7.91","±","38.2","0.00","±","63.3","28.6","54","SRG","BTA","0.998","54.93","26.687","106.1638","6.1104",""
"14.40","23.7","±","47.5","0.00","±","63.3","28.3","54","SRG","BTA","0.998","54.93","26.687","106.1638","6.1104",""
"15.00","15.8","±","43.3","0.00","±","63.3","28.6","54","SRG","BTA","0.998","54.93","26.687","106.1638","6.1104",""
"15.20","23.7","±","47.5","0.00","±","63.3","28.6","55","SRG","BTA","0.998","54.93","26.687","106.1638","6.1104",""
"","","","","","","","","","SRG","BTA","0.998","54.93","26.687","106.1638","6.1104",""
"12.42","15.80","±","43.2","0.00","±","63.2","28.6","51","SRG","HBL","0.587","31.738","40.852","106.1638","6.1104",""
"13.02","55.5","±","60.7","0.00","±","63.4","28.3","53","SRG","HBL","0.587","31.738","40.852","106.1638","6.1104",""
"13.22","39.6","±","54.7","0.00","±","63.4","28.6","54","SRG","HBL","0.587","31.738","40.852","106.1638","6.1104",""
"13.42","15.9","±","43.3","0.00","±","63.4","28.6","56","SRG","HBL","0.587","31.738","40.852","106.1638","6.1104",""
"14.02","15.8","±","43.3","0.00","±","63.3","28.9","61","SRG","HBL","0.587","31.738","40.852","106.1638","6.1104",""
"14.22","23.8","±","47.6","0.00","±","63.4","28.9","62","SRG","HBL","0.587","31.738","40.852","106.1638","6.1104",""
"14.42","7.91","±","38.2","0.00","±","63.3","28.9","55","SRG","HBL","0.587","31.738","40.852","106.1638","6.1104",""
"","","","","","","","","","SRG","HBL","0.587","31.738","40.852","106.1638","6.1104",""
"15.22","15.9","±","43.3","15.9","±","76.5","28.6","55","SRG","HBL","0.587","31.738","40.852","106.1638","6.1104",""
"15.42","23.8","±","47.7","0.00","±","63.6","28.6","60","SRG","HBL","0.587","31.738","40.852","106.1638","6.1104",""
"","","","","","","","","","SRG","SMN","0.853","30.521","21.927","106.1638","6.1104",""
"9.05","31.7","±","51.2","0.00","±","63.3","28.6","57","SRG","SMN","0.853","30.521","21.927","106.1638","6.1104",""
"09.25","7.91","±","38.2","0.00","±","63.3","28.9","57","SRG","SMN","0.853","30.521","21.927","106.1638","6.1104",""
"9.45","7.91","±","38.2","0.00","±","63.3","29.2","53","SRG","SMN","0.853","30.521","21.927","106.1638","6.1104",""
"10.05","7.91","±","38.2","0.00","±","63.3","29.5","50","SRG","SMN","0.853","30.521","21.927","106.1638","6.1104",""
"10.25","7.91","±","38.2","0.00","±","63.3","29.5","51","SRG","SMN","0.853","30.521","21.927","106.1638","6.1104",""
"","","","","","","","","","SRG","SMN","0.853","30.521","21.927","106.1638","6.1104",""
"11.05","23.7","±","47.5","0.00","±","63.3","29.8","52","SRG","SMN","0.853","30.521","21.927","106.1638","6.1104",""
"11.25","7.91","±","38.2","0.00","±","63.3","29.8","51","SRG","SMN","0.853","30.521","21.927","106.1638","6.1104",""
"","","","","","","","","","SRG","SMN","0.853","30.521","21.927","106.1638","6.1104",""
"8.34","7.90","±","38.2","0.00","±","63.2","28","63","SRG","PSR","0.978","35.397","80.602","106.1638","6.1104",""
"08.54","15.8","±","43.3","0.00","±","63.3","28.3","59","SRG","PSR","0.978","35.397","80.602","106.1638","6.1104",""
"9.14","7.91","±","38.2","0.00","±","63.3","28.3","58","SRG","PSR","0.978","35.397","80.602","106.1638","6.1104",""
"9.34","7.91","±","38.2","0.00","±","63.3","28.3","56","SRG","PSR","0.978","35.397","80.602","106.1638","6.1104",""
"","","","","","","","","","SRG","PSR","0.978","35.397","80.602","106.1638","6.1104",""
"10.14","7.91","±","38.2","0.00","±","63.3","28.6","60","SRG","PSR","0.978","35.397","80.602","106.1638","6.1104",""
"","","","","","","","","","SRG","PSR","0.978","35.397","80.602","106.1638","6.1104",""
"10.54","7.91","±","38.2","0.00","±","63.3","28.9","56","SRG","PSR","0.978","35.397","80.602","106.1638","6.1104",""
"11.15","15.8","±","43.3","0.00","±","63.3","28.6","54","SRG","PSR","0.978","35.397","80.602","106.1638","6.1104",""
"11.35","7.95","±","38.4","15.9","±","76.7","28.6","55","SRG","PSR","0.978","35.397","80.602","106.1638","6.1104",""
"7.49","7.90","±","38.2","0.00","±","63.2","28.9","54","JPR","BTA","0.848","52.6","265","110.6757","6.5964",""
"08.09","15.8","±","43.3","0.00","±","63.3","28.9","52","JPR","BTA","0.848","52.6","265","110.6757","6.5964",""
"08.29","7.91","±","38.2","15.8","±","76.4","28.9","50","JPR","BTA","0.848","52.6","265","110.6757","6.5964",""
"","","","","","","","","","JPR","BTA","0.848","52.6","265","110.6757","6.5964",""
"","","","","","","","","","JPR","BTA","0.848","52.6","265","110.6757","6.5964",""
"","","","","","","","","","JPR","BTA","0.848","52.6","265","110.6757","6.5964",""
"09.49","15.8","±","43.3","0.00","±","63.3","28.9","53","JPR","BTA","0.848","52.6","265","110.6757","6.5964",""
"10.09","39.6","±","54.6","0.00","±","63.3","28.9","52","JPR","BTA","0.848","52.6","265","110.6757","6.5964",""
"10.29","15.8","±","43.3","15.8","±","76.4","29.2","56","JPR","BTA","0.848","52.6","265","110.6757","6.5964",""
"10.49","31.8","±","51.4","0.00","±","63.6","29.2","55","JPR","BTA","0.848","52.6","265","110.6757","6.5964",""
"","","","","","","","","","JPR","HBL","0.674","18.7","81.8","110.6757","6.5964",""
"","","","","","","","","","JPR","HBL","0.674","18.7","81.8","110.6757","6.5964",""
"12.48","23.7","±","47.5","0.00","±","63.3","28.9","53","JPR","HBL","0.674","18.7","81.8","110.6757","6.5964",""
"13.08","7.91","±","38.2","0.00","±","63.3","28.9","50","JPR","HBL","0.674","18.7","81.8","110.6757","6.5964",""
"","","","","","","","","","JPR","HBL","0.674","18.7","81.8","110.6757","6.5964",""
"13.48","15.8","±","43.3","0.00","±","63.3","28.9","52","JPR","HBL","0.674","18.7","81.8","110.6757","6.5964",""
"14.08","31.7","±","51.2","0.00","±","63.3","28.9","51","JPR","HBL","0.674","18.7","81.8","110.6757","6.5964",""
"14.28","39.6","±","54.6","0.00","±","63.3","28.9","52","JPR","HBL","0.674","18.7","81.8","110.6757","6.5964",""
"14.48","31.7","±","51.3","0.00","±","63.4","28.9","51","JPR","HBL","0.674","18.7","81.8","110.6757","6.5964",""
"15.08","23.8","±","47.6","0.00","±","63.5","28.6","52","JPR","HBL","0.674","18.7","81.8","110.6757","6.5964",""
"10.07","23.7","±","47.4","0.00","±","63.2","27.7","55","JPR","SMN","0.982","13.8","73.5","110.6757","6.5964",""
"10.27","15.8","±","43.3","0.0","±","63.3","28.0","52","JPR","SMN","0.982","13.8","73.5","110.6757","6.5964",""
"10.47","31.7","±","51.2","15.8","±","76.4","28.0","53","JPR","SMN","0.982","13.8","73.5","110.6757","6.5964",""
"11.07","23.7","±","47.5","0.00","±","63.3","28.3","50","JPR","SMN","0.982","13.8","73.5","110.6757","6.5964",""
"11.27","31.7","±","51.3","0.00","±","63.4","28.3","50","JPR","SMN","0.982","13.8","73.5","110.6757","6.5964",""
"11.47","0.00","±","31.7","15.8","±","63.3","28.3","52","JPR","SMN","0.982","13.8","73.5","110.6757","6.5964",""
"12.07","23.8","±","47.6","0.00","±","63.4","28.3","49","JPR","SMN","0.982","13.8","73.5","110.6757","6.5964",""
"12.27","31.7","±","51.2","0.00","±","63.3","28.3","50","JPR","SMN","0.982","13.8","73.5","110.6757","6.5964",""
"12.47","7.91","±","38.2","0.00","±","63.3","28.6","52","JPR","SMN","0.982","13.8","73.5","110.6757","6.5964",""
"13.07","23.8","±","47.7","0.00","±","63.6","28.6","52","JPR","SMN","0.982","13.8","73.5","110.6757","6.5964",""
"","","","","","","","","","JPR","PSR","1.477","22.9","129","110.6757","6.5964",""
"","","","","","","","","","JPR","PSR","1.477","22.9","129","110.6757","6.5964",""
"09.53","7.91","±","38.2","0.00","±","63.3","28.3","55","JPR","PSR","1.477","22.9","129","110.6757","6.5964",""
"10.13","23.7","±","47.5","0.00","±","63.3","28.6","55","JPR","PSR","1.477","22.9","129","110.6757","6.5964",""
"10.33","7.91","±","38.2","0.00","±","63.3","28.6","58","JPR","PSR","1.477","22.9","129","110.6757","6.5964",""
"","","","","","","","","","JPR","PSR","1.477","22.9","129","110.6757","6.5964",""
"11.13","31.7","±","38.2","0.00","±","63.4","28.9","57","JPR","PSR","1.477","22.9","129","110.6757","6.5964",""
"11.33","15.8","±","43.3","0.00","±","63.3","28.9","54","JPR","PSR","1.477","22.9","129","110.6757","6.5964",""
"11.53","23.7","±","47.5","0.00","±","63.3","28.9","54","JPR","PSR","1.477","22.9","129","110.6757","6.5964",""
"12.13","7.94","±","43.3","0.00","±","63.3","28.9","54","JPR","PSR","1.477","22.9","129","110.6757","6.5964",""
"","","","","","","","","","KDS","BTA","0.846","56.3","288","110.8405","6.8053",""
"11.37","23.7","±","47.5","0.00","±","63.2","28.9","51","KDS","BTA","0.846","56.3","288","110.8405","6.8053",""
"11.57","7.93","±","38.3","0.00","±","63.4","28.9","55","KDS","BTA","0.846","56.3","288","110.8405","6.8053",""
"","","","","","","","","","KDS","BTA","0.846","56.3","288","110.8405","6.8053",""
"","","","","","","","","","KDS","BTA","0.846","56.3","288","110.8405","6.8053",""
"","","","","","","","","","KDS","BTA","0.846","56.3","288","110.8405","6.8053",""
"13.17","7.91","±","38.2","0.00","±","63.3","29.2","56","KDS","BTA","0.846","56.3","288","110.8405","6.8053",""
"13.37","7.91","±","38.2","0.00","±","63.3","29.2","54","KDS","BTA","0.846","56.3","288","110.8405","6.8053",""
"13.57","23.7","±","47.5","0.00","±","63.3","28.3","52","KDS","BTA","0.846","56.3","288","110.8405","6.8053",""
"14.17","23.8","±","47.7","0.00","±","63.6","28.9","54","KDS","BTA","0.846","56.3","288","110.8405","6.8053",""
"","","","","","","","","","KDS","HBL","0.659","6.14","37.8","110.8405","6.8053",""
"","","","","","","","","","KDS","HBL","0.659","6.14","37.8","110.8405","6.8053",""
"13.13","23.7","±","47.5","0.00","±","63.3","28.6","56","KDS","HBL","0.659","6.14","37.8","110.8405","6.8053",""
"","","","","","","","","","KDS","HBL","0.659","6.14","37.8","110.8405","6.8053",""
"13.53","23.7","±","47.5","0.00","±","63.3","28.6","57","KDS","HBL","0.659","6.14","37.8","110.8405","6.8053",""
"14.13","23.7","±","47.5","0.00","±","63.3","28.6","55","KDS","HBL","0.659","6.14","37.8","110.8405","6.8053",""
"14.33","23.7","±","47.5","0.00","±","63.3","28.6","55","KDS","HBL","0.659","6.14","37.8","110.8405","6.8053",""
"14.54","15.8","±","43.3","0.00","±","63.3","28.6","55","KDS","HBL","0.659","6.14","37.8","110.8405","6.8053",""
"15.14","15.8","±","43.3","0.00","±","63.3","28.6","58","KDS","HBL","0.659","6.14","37.8","110.8405","6.8053",""
"15.34","7.95","±","38.4","0.00","±","63.3","28.9","60","KDS","HBL","0.659","6.14","37.8","110.8405","6.8053",""
"07.48","7.89","±","38.1","0.00","±","63.2","28.6","52","KDS","SMN","0.963","15.5","72.8","110.8405","6.8053",""
"08.08","15.8","±","43.3","0.00","±","63.3","28.6","50","KDS","SMN","0.963","15.5","72.8","110.8405","6.8053",""
"08.28","7.91","±","38.2","0.00","±","63.3","28.6","50","KDS","SMN","0.963","15.5","72.8","110.8405","6.8053",""
"08.48","39.6","±","54.6","0.00","±","63.3","28.6","50","KDS","SMN","0.963","15.5","72.8","110.8405","6.8053",""
"9.08","31.7","±","51.3","0.00","±","63.4","28.6","49","KDS","SMN","0.963","15.5","72.8","110.8405","6.8053",""
"09.28","15.9","±","43.3","0.00","±","63.4","28.6","49","KDS","SMN","0.963","15.5","72.8","110.8405","6.8053",""
"09.48","31.7","±","51.3","0.00","±","63.4","28.6","49","KDS","SMN","0.963","15.5","72.8","110.8405","6.8053",""
"10.08","23.7","±","47.5","15.8","±","76.4","28.6","48","KDS","SMN","0.963","15.5","72.8","110.8405","6.8053",""
"10.28","39.6","±","54.6","0.00","±","63.3","28.6","48","KDS","SMN","0.963","15.5","72.8","110.8405","6.8053",""
"10.48","23.80","±","47.7","0.00","±","63.6","28.6","50","KDS","SMN","0.963","15.5","72.8","110.8405","6.8053",""
"12.41","0.00","±","31.6","0.00","±","63.2","28.9","57","KDS","PSR","1.386","25.3","134","110.8405","6.8053",""
"13.01","7.91","±","38.2","0.00","±","63.3","29.2","57","KDS","PSR","1.386","25.3","134","110.8405","6.8053",""
"13.21","0.00","±","31.7","0.00","±","63.3","29.2","56","KDS","PSR","1.386","25.3","134","110.8405","6.8053",""
"13.41","0.00","±","31.7","0.00","±","63.3","29.2","54","KDS","PSR","1.386","25.3","134","110.8405","6.8053",""
"14.01","7.91","±","38.2","0.00","±","63.3","28.9","53","KDS","PSR","1.386","25.3","134","110.8405","6.8053",""
"14.21","7.91","±","38.2","0.00","±","63.3","28.9","55","KDS","PSR","1.386","25.3","134","110.8405","6.8053",""
"14.41","7.93","±","38.3","0.00","±","63.4","28.9","56","KDS","PSR","1.386","25.3","134","110.8405","6.8053",""
"15.01","31.7","±","51.2","0.00","±","63.3","28.9","59","KDS","PSR","1.386","25.3","134","110.8405","6.8053",""
"15.21","7.93","±","38.3","0.00","±","63.4","28.9","58","KDS","PSR","1.386","25.3","134","110.8405","6.8053",""
"15.41","23.8","±","47.7","0.00","±","63.6","28.9","57","KDS","PSR","1.386","25.3","134","110.8405","6.8053",""
